id,model,Relevance,Coherence,Consistency,Fluency
0,bartpho_full_beam,3,4,2,3
0,bartpho_lora_beam,1,1,2,1
0,qwen_lora_beam,1,1,3,1
1,bartpho_full_beam,3,3,5,2
1,bartpho_lora_beam,3,3,5,2
1,qwen_lora_beam,2,1,3,1
2,bartpho_full_beam,2,2,4,2
2,bartpho_lora_beam,2,3,5,2
2,qwen_lora_beam,3,2,3,2
3,bartpho_full_beam,4,5,5,3
3,bartpho_lora_beam,2,4,5,3
3,qwen_lora_beam,2,1,5,1
4,bartpho_full_beam,3,3,5,2
4,bartpho_lora_beam,5,5,5,3
4,qwen_lora_beam,2,2,3,2
5,bartpho_full_beam,2,3,5,2
5,bartpho_lora_beam,4,5,5,3
5,qwen_lora_beam,4,3,5,3
6,bartpho_full_beam,2,3,1,2
6,bartpho_lora_beam,2,2,1,2
6,qwen_lora_beam,3,2,5,2
7,bartpho_full_beam,3,4,5,3
7,bartpho_lora_beam,3,4,5,3
7,qwen_lora_beam,3,4,5,5
8,bartpho_full_beam,4,5,5,5
8,bartpho_lora_beam,4,5,5,5
8,qwen_lora_beam,3,2,4,2
9,bartpho_full_beam,2,2,5,2
9,bartpho_lora_beam,3,4,5,2
9,qwen_lora_beam,3,2,5,3
10,bartpho_full_beam,4,5,5,4
10,bartpho_lora_beam,4,5,5,3
10,qwen_lora_beam,1,1,2,1
11,bartpho_full_beam,2,3,5,3
11,bartpho_lora_beam,3,5,4,4
11,qwen_lora_beam,2,3,5,3
12,bartpho_full_beam,3,3,4,2
12,bartpho_lora_beam,2,3,5,2
12,qwen_lora_beam,2,2,3,3
13,bartpho_full_beam,4,5,5,3
13,bartpho_lora_beam,2,3,5,4
13,qwen_lora_beam,2,1,3,1
14,bartpho_full_beam,3,5,5,3
14,bartpho_lora_beam,2,3,5,2
14,qwen_lora_beam,3,2,5,2
15,bartpho_full_beam,2,3,1,3
15,bartpho_lora_beam,4,5,5,4
15,qwen_lora_beam,2,2,1,3
16,bartpho_full_beam,4,5,5,3
16,bartpho_lora_beam,3,5,5,4
16,qwen_lora_beam,1,1,1,1
17,bartpho_full_beam,4,5,5,4
17,bartpho_lora_beam,4,5,5,4
17,qwen_lora_beam,3,3,2,4
18,bartpho_full_beam,4,4,5,3
18,bartpho_lora_beam,3,4,5,4
18,qwen_lora_beam,3,2,4,2
19,bartpho_full_beam,3,3,2,4
19,bartpho_lora_beam,2,3,5,3
19,qwen_lora_beam,2,1,3,1
20,bartpho_full_beam,3,5,5,2
20,bartpho_lora_beam,3,5,5,2
20,qwen_lora_beam,3,2,5,2
21,bartpho_full_beam,3,2,5,2
21,bartpho_lora_beam,4,3,4,3
21,qwen_lora_beam,3,3,5,4
22,bartpho_full_beam,3,5,5,5
22,bartpho_lora_beam,2,3,3,2
22,qwen_lora_beam,2,3,3,3
23,bartpho_full_beam,1,3,1,2
23,bartpho_lora_beam,2,2,1,2
23,qwen_lora_beam,2,1,1,2
24,bartpho_full_beam,2,5,5,3
24,bartpho_lora_beam,2,5,5,3
24,qwen_lora_beam,1,1,1,1
25,bartpho_full_beam,3,4,5,2
25,bartpho_lora_beam,3,4,5,2
25,qwen_lora_beam,4,3,5,4
26,bartpho_full_beam,2,3,1,3
26,bartpho_lora_beam,3,4,5,2
26,qwen_lora_beam,1,1,3,1
27,bartpho_full_beam,3,5,5,2
27,bartpho_lora_beam,2,2,5,1
27,qwen_lora_beam,3,2,5,2
28,bartpho_full_beam,3,4,5,2
28,bartpho_lora_beam,3,4,5,2
28,qwen_lora_beam,1,1,5,1
29,bartpho_full_beam,4,4,5,3
29,bartpho_lora_beam,4,5,5,4
29,qwen_lora_beam,3,2,5,2
30,bartpho_full_beam,3,3,2,2
30,bartpho_lora_beam,4,4,3,2
30,qwen_lora_beam,4,4,3,5
31,bartpho_full_beam,3,4,1,2
31,bartpho_lora_beam,1,3,1,4
31,qwen_lora_beam,2,2,1,3
32,bartpho_full_beam,2,3,1,2
32,bartpho_lora_beam,1,3,2,2
32,qwen_lora_beam,2,2,3,2
33,bartpho_full_beam,1,1,1,1
33,bartpho_lora_beam,1,1,2,2
33,qwen_lora_beam,1,1,2,1
34,bartpho_full_beam,2,2,1,2
34,bartpho_lora_beam,2,1,1,1
34,qwen_lora_beam,3,2,5,3
35,bartpho_full_beam,4,3,5,2
35,bartpho_lora_beam,4,5,5,3
35,qwen_lora_beam,1,1,2,1
36,bartpho_full_beam,3,5,5,4
36,bartpho_lora_beam,3,5,5,2
36,qwen_lora_beam,3,2,3,3
37,bartpho_full_beam,2,3,4,2
37,bartpho_lora_beam,2,2,5,2
37,qwen_lora_beam,2,1,3,2
38,bartpho_full_beam,3,4,5,3
38,bartpho_lora_beam,3,4,5,2
38,qwen_lora_beam,2,3,5,5
39,bartpho_full_beam,3,5,5,4
39,bartpho_lora_beam,3,5,5,4
39,qwen_lora_beam,4,3,5,4
40,bartpho_full_beam,3,4,5,4
40,bartpho_lora_beam,3,4,5,4
40,qwen_lora_beam,3,2,5,2
41,bartpho_full_beam,2,5,5,5
41,bartpho_lora_beam,2,4,5,5
41,qwen_lora_beam,3,2,3,2
42,bartpho_full_beam,4,5,5,3
42,bartpho_lora_beam,3,5,5,2
42,qwen_lora_beam,3,3,5,4
43,bartpho_full_beam,4,5,5,4
43,bartpho_lora_beam,4,5,5,4
43,qwen_lora_beam,1,1,1,1
44,bartpho_full_beam,3,3,5,2
44,bartpho_lora_beam,1,1,2,2
44,qwen_lora_beam,4,4,3,4
45,bartpho_full_beam,4,5,3,2
45,bartpho_lora_beam,3,4,2,3
45,qwen_lora_beam,2,1,5,1
46,bartpho_full_beam,2,2,5,2
46,bartpho_lora_beam,2,2,5,1
46,qwen_lora_beam,1,1,1,2
47,bartpho_full_beam,2,3,5,4
47,bartpho_lora_beam,2,3,1,3
47,qwen_lora_beam,2,1,5,2
48,bartpho_full_beam,2,2,5,3
48,bartpho_lora_beam,2,3,5,2
48,qwen_lora_beam,1,1,1,1
49,bartpho_full_beam,2,3,5,2
49,bartpho_lora_beam,3,3,5,2
49,qwen_lora_beam,3,3,5,4
